Tổng kết quả,Tên văn bản,Toàn văn,Bản PDF,VB liên quan,Thuộc tính,Lược đồ,Tải về
Kết quả tìm kiếm:Tìm thấy44779văn bản.,Hiến pháp Không số,https://vbpl.vn/TW/Pages/vbpq-toanvan.aspx?ItemID=32801&Keyword=,https://vbpl.vn/TW/Pages/vbpq-van-ban-goc.aspx?ItemID=32801,https://vbpl.vn/TW/Pages/vbpq-vanbanlienquan.aspx?ItemID=32801&Keyword=,https://vbpl.vn/TW/Pages/vbpq-thuoctinh.aspx?ItemID=32801&Keyword=,https://vbpl.vn/TW/pages/vbpq-luocdo.aspx?ItemID=32801&Keyword=,javascript:ShowDialogDownload(32801);
Kết quả tìm kiếm:Tìm thấy44779văn bản.,Hiến pháp Không số,https://vbpl.vn/TW/Pages/vbpq-toanvan.aspx?ItemID=22313&Keyword=,,https://vbpl.vn/TW/Pages/vbpq-vanbanlienquan.aspx?ItemID=22313&Keyword=,https://vbpl.vn/TW/Pages/vbpq-thuoctinh.aspx?ItemID=22313&Keyword=,https://vbpl.vn/TW/pages/vbpq-luocdo.aspx?ItemID=22313&Keyword=,"javascript:downloadfile('Hienphapsuadoi.zip','/FileData/TW/Lists/vbpq/Attachments/22313/Hienphapsuadoi.zip');"
Kết quả tìm kiếm:Tìm thấy44779văn bản.,Hiến pháp Không số,https://vbpl.vn/TW/Pages/vbpq-toanvan.aspx?ItemID=11234&Keyword=,,https://vbpl.vn/TW/Pages/vbpq-vanbanlienquan.aspx?ItemID=11234&Keyword=,https://vbpl.vn/TW/Pages/vbpq-thuoctinh.aspx?ItemID=11234&Keyword=,https://vbpl.vn/TW/pages/vbpq-luocdo.aspx?ItemID=11234&Keyword=,"javascript:downloadfile('68-LCT_HDNN8_38238.doc','/TW/Lists/vbpq/Attachments/11234/68-LCT_HDNN8_38238.doc');"
Kết quả tìm kiếm:Tìm thấy44779văn bản.,Hiến pháp Không số,https://vbpl.vn/TW/Pages/vbpq-toanvan.aspx?ItemID=1534&Keyword=,,https://vbpl.vn/TW/Pages/vbpq-vanbanlienquan.aspx?ItemID=1534&Keyword=,https://vbpl.vn/TW/Pages/vbpq-thuoctinh.aspx?ItemID=1534&Keyword=,https://vbpl.vn/TW/pages/vbpq-luocdo.aspx?ItemID=1534&Keyword=,"javascript:downloadfile('Hienphap1980.zip','/FileData/TW/Lists/vbpq/Attachments/1534/Hienphap1980.zip');"
Kết quả tìm kiếm:Tìm thấy44779văn bản.,Hiến pháp Không số,https://vbpl.vn/TW/Pages/vbpq-toanvan.aspx?ItemID=889&Keyword=,,https://vbpl.vn/TW/Pages/vbpq-vanbanlienquan.aspx?ItemID=889&Keyword=,https://vbpl.vn/TW/Pages/vbpq-thuoctinh.aspx?ItemID=889&Keyword=,https://vbpl.vn/TW/pages/vbpq-luocdo.aspx?ItemID=889&Keyword=,"javascript:downloadfile('Hienphap1959.doc','/TW/Lists/vbpq/Attachments/889/Hienphap1959.doc');"
Kết quả tìm kiếm:Tìm thấy299văn bản.,Bộ luật 100/2015/QH13,https://vbpl.vn/TW/Pages/vbpq-toanvan.aspx?ItemID=96122&Keyword=Hình sự,https://vbpl.vn/TW/Pages/vbpq-van-ban-goc.aspx?ItemID=96122,https://vbpl.vn/TW/Pages/vbpq-vanbanlienquan.aspx?ItemID=96122&Keyword=Hình sự,https://vbpl.vn/TW/Pages/vbpq-thuoctinh.aspx?ItemID=96122&Keyword=Hình sự,https://vbpl.vn/TW/pages/vbpq-luocdo.aspx?ItemID=96122&Keyword=Hình sự,javascript:ShowDialogDownload(96122);
Kết quả tìm kiếm:Tìm thấy299văn bản.,Bộ luật 101/2015/QH13,https://vbpl.vn/TW/Pages/vbpq-toanvan.aspx?ItemID=96172&Keyword=Hình sự,https://vbpl.vn/TW/Pages/vbpq-van-ban-goc.aspx?ItemID=96172,https://vbpl.vn/TW/Pages/vbpq-vanbanlienquan.aspx?ItemID=96172&Keyword=Hình sự,https://vbpl.vn/TW/Pages/vbpq-thuoctinh.aspx?ItemID=96172&Keyword=Hình sự,https://vbpl.vn/TW/pages/vbpq-luocdo.aspx?ItemID=96172&Keyword=Hình sự,javascript:ShowDialogDownload(96172);
Kết quả tìm kiếm:Tìm thấy299văn bản.,Bộ luật 19/2003/QH11,https://vbpl.vn/TW/Pages/vbpq-toanvan.aspx?ItemID=19411&Keyword=Hình sự,,https://vbpl.vn/TW/Pages/vbpq-vanbanlienquan.aspx?ItemID=19411&Keyword=Hình sự,https://vbpl.vn/TW/Pages/vbpq-thuoctinh.aspx?ItemID=19411&Keyword=Hình sự,https://vbpl.vn/TW/pages/vbpq-luocdo.aspx?ItemID=19411&Keyword=Hình sự,"javascript:downloadfile('19.2003.QH11.doc','/TW/Lists/vbpq/Attachments/19411/19.2003.QH11.doc');"
Kết quả tìm kiếm:Tìm thấy299văn bản.,Bộ luật 15/1999/QH10,https://vbpl.vn/TW/Pages/vbpq-toanvan.aspx?ItemID=6157&Keyword=Hình sự,,https://vbpl.vn/TW/Pages/vbpq-vanbanlienquan.aspx?ItemID=6157&Keyword=Hình sự,https://vbpl.vn/TW/Pages/vbpq-thuoctinh.aspx?ItemID=6157&Keyword=Hình sự,https://vbpl.vn/TW/pages/vbpq-luocdo.aspx?ItemID=6157&Keyword=Hình sự,"javascript:downloadfile('15.1999.QH10.doc','/TW/Lists/vbpq/Attachments/6157/15.1999.QH10.doc');"
Kết quả tìm kiếm:Tìm thấy299văn bản.,Bộ luật Không số,https://vbpl.vn/TW/Pages/vbpq-toanvan.aspx?ItemID=2559&Keyword=Hình sự,,https://vbpl.vn/TW/Pages/vbpq-vanbanlienquan.aspx?ItemID=2559&Keyword=Hình sự,https://vbpl.vn/TW/Pages/vbpq-thuoctinh.aspx?ItemID=2559&Keyword=Hình sự,https://vbpl.vn/TW/pages/vbpq-luocdo.aspx?ItemID=2559&Keyword=Hình sự,"javascript:downloadfile('boluatkhongso.doc','/TW/Lists/vbpq/Attachments/2559/boluatkhongso.doc');"
Kết quả tìm kiếm:Tìm thấy1919văn bản.,Bộ luật 92/2015/QH13,https://vbpl.vn/TW/Pages/vbpq-toanvan.aspx?ItemID=96115&Keyword=dân sự,https://vbpl.vn/TW/Pages/vbpq-van-ban-goc.aspx?ItemID=96115,https://vbpl.vn/TW/Pages/vbpq-vanbanlienquan.aspx?ItemID=96115&Keyword=dân sự,https://vbpl.vn/TW/Pages/vbpq-thuoctinh.aspx?ItemID=96115&Keyword=dân sự,https://vbpl.vn/TW/pages/vbpq-luocdo.aspx?ItemID=96115&Keyword=dân sự,javascript:ShowDialogDownload(96115);
Kết quả tìm kiếm:Tìm thấy1919văn bản.,Bộ luật 91/2015/QH13,https://vbpl.vn/TW/Pages/vbpq-toanvan.aspx?ItemID=95942&Keyword=dân sự,https://vbpl.vn/TW/Pages/vbpq-van-ban-goc.aspx?ItemID=95942,https://vbpl.vn/TW/Pages/vbpq-vanbanlienquan.aspx?ItemID=95942&Keyword=dân sự,https://vbpl.vn/TW/Pages/vbpq-thuoctinh.aspx?ItemID=95942&Keyword=dân sự,https://vbpl.vn/TW/pages/vbpq-luocdo.aspx?ItemID=95942&Keyword=dân sự,javascript:ShowDialogDownload(95942);
Kết quả tìm kiếm:Tìm thấy1919văn bản.,Bộ luật 33/2005/QH11,https://vbpl.vn/TW/Pages/vbpq-toanvan.aspx?ItemID=18128&Keyword=dân sự,,https://vbpl.vn/TW/Pages/vbpq-vanbanlienquan.aspx?ItemID=18128&Keyword=dân sự,https://vbpl.vn/TW/Pages/vbpq-thuoctinh.aspx?ItemID=18128&Keyword=dân sự,https://vbpl.vn/TW/pages/vbpq-luocdo.aspx?ItemID=18128&Keyword=dân sự,"javascript:downloadfile('33.2005.QH11.doc','/TW/Lists/vbpq/Attachments/18128/33.2005.QH11.doc');"
Kết quả tìm kiếm:Tìm thấy1919văn bản.,Bộ luật 24/2004/QH11,https://vbpl.vn/TW/Pages/vbpq-toanvan.aspx?ItemID=19482&Keyword=dân sự,,https://vbpl.vn/TW/Pages/vbpq-vanbanlienquan.aspx?ItemID=19482&Keyword=dân sự,https://vbpl.vn/TW/Pages/vbpq-thuoctinh.aspx?ItemID=19482&Keyword=dân sự,https://vbpl.vn/TW/pages/vbpq-luocdo.aspx?ItemID=19482&Keyword=dân sự,"javascript:downloadfile('24.2004.QH11.doc','/TW/Lists/vbpq/Attachments/19482/24.2004.QH11.doc');"
Kết quả tìm kiếm:Tìm thấy1919văn bản.,Bộ luật Không số,https://vbpl.vn/TW/Pages/vbpq-toanvan.aspx?ItemID=9683&Keyword=dân sự,,https://vbpl.vn/TW/Pages/vbpq-vanbanlienquan.aspx?ItemID=9683&Keyword=dân sự,https://vbpl.vn/TW/Pages/vbpq-thuoctinh.aspx?ItemID=9683&Keyword=dân sự,https://vbpl.vn/TW/pages/vbpq-luocdo.aspx?ItemID=9683&Keyword=dân sự,"javascript:downloadfile('bo luat dan sư 1995.doc','/TW/Lists/vbpq/Attachments/9683/bo luat dan sư 1995.doc');"
